<?xml version="1.0" encoding="UTF-8"?>
<beans xmlns="http://www.springframework.org/schema/beans"
	xmlns:xsi="http://www.w3.org/2001/XMLSchema-instance"
	xsi:schemaLocation="http://www.springframework.org/schema/beans http://www.springframework.org/schema/beans/spring-beans.xsd">

	<bean id="p01" class="com.dto.Person">
		<!-- setName(), setAge(), setAddress() 메서드로 injection 된다. -->
		<property name="name" value="김은별"></property>
		<property name="age" value="29"></property>
		<property name="address" value="경기도"></property>
	</bean>
	
	
</beans>
