<?xml version="1.0" encoding="UTF-8"?>
<beans xmlns="http://www.springframework.org/schema/beans"
	xmlns:xsi="http://www.w3.org/2001/XMLSchema-instance"
	xsi:schemaLocation="http://www.springframework.org/schema/beans http://www.springframework.org/schema/beans/spring-beans.xsd">

	<bean id="cat01" class="com.dto.Cat">
		<property name="name" value="나비" />
		<property name="age" value="2" />
	</bean>
	
	<bean id="cat02" class="com.dto.Cat">
		<property name="name" value="괭이" />
		<property name="age" value="3" />
	</bean>
	
<!-- https://docs.spring.io/spring-framework/docs/4.3.30.RELEASE/spring-framework-reference/htmlsingle/ -->
	<bean id="p01" class="com.dto.Person">
		<property name="username" value="김은별" />
		<property name="userage" value="29" />
		<property name="catMap">
			<map>
				<entry key="pet01" value-ref="cat01" />
				<entry key="pet02" value-ref="cat02" />
			</map>
		</property>
		<property name="phones">
			<props>
				<prop key="phone01">010-4845-9908</prop>
				<prop key="phone02">010-5895-3425</prop>
			</props>
		</property>
	</bean>
	
</beans>
