<?xml version="1.0" encoding="UTF-8"?>
<beans xmlns="http://www.springframework.org/schema/beans"
	xmlns:xsi="http://www.w3.org/2001/XMLSchema-instance"
	xsi:schemaLocation="http://www.springframework.org/schema/beans http://www.springframework.org/schema/beans/spring-beans.xsd">

	<bean id="cat01" class="com.dto.Cat">
		<property name="name" value="나비" />
		<property name="age" value="2" />
	</bean>
	
	<bean id="cat02" class="com.dto.Cat">
		<property name="name" value="괭이" />
		<property name="age" value="3" />
	</bean>
	
	<bean id="p01" class="com.dto.Person">
		<property name="username" value="김은별" />
		<property name="userage" value="29" />
		<property name="catList">
			<list>	<!-- list 구조는 순서가 있고 중복이 허용되므로 똑같은 빈을 여러번 사용가능 -->
				<ref bean="cat01" />
				<ref bean="cat02" />
				<ref bean="cat01" />
			</list>
		</property>
	</bean>
	
</beans>
