<?xml version="1.0" encoding="UTF-8"?>
<beans xmlns="http://www.springframework.org/schema/beans"
	xmlns:xsi="http://www.w3.org/2001/XMLSchema-instance"
	xmlns:context="http://www.springframework.org/schema/context"
	xsi:schemaLocation="http://www.springframework.org/schema/beans http://www.springframework.org/schema/beans/spring-beans.xsd
		http://www.springframework.org/schema/context http://www.springframework.org/schema/context/spring-context-4.3.xsd">
	
	<!-- user.properties 인식 -->
	<context:property-placeholder location="user.properties" file-encoding="utf-8"/>
	
	<bean id="p01" class="com.dto.Person">
		<property name="name" value="홍길동" />
		<property name="age" value="20" />
		<property name="address" value="서울" />
	</bean>
	
	<bean id="p02" class="com.dto.Person">
		<property name="name" value="${user.name2}" />
		<property name="age" value="${user.age}" />
		<property name="address" value="${user.address}" />
	</bean>
</beans>
